Trade number,Type,Date and time,Signal,Price USD,Size (qty),Size (value),Net PnL USD,Return %,Commission USD,Favorable excursion USD,Favorable excursion %,Adverse excursion USD,Adverse excursion %,Cumulative PnL USD,Cumulative PnL %,Duration (bars)
1,Exit long,2026-02-10 19:15,TP,1.1891,1000,1189.08,-0.05,0.00,0.07,0,0.00,-0.16,-0.01,-0.05,-0.01,1
1,Entry long,2026-02-10 19:12,B6 0.5x,1.18908,1000,1189.08,-0.05,0.00,0.07,0,0.00,-0.16,-0.01,-0.05,-0.01,1
2,Exit long,2026-02-11 13:39,TP,1.18721,5000,5922.05,13.65,0.23,0.35,13.83,0.23,-5.67,-0.10,13.6,2.72,2
2,Entry long,2026-02-11 13:33,B8 2.5x,1.18441,5000,5922.05,13.65,0.23,0.35,13.83,0.23,-5.67,-0.10,13.6,2.72,2
3,Exit short,2026-02-12 13:36,TP,1.18843,2000,2375.94,-1.06,-0.04,0.14,0.17,0.01,-0.99,-0.04,12.54,2.51,1
3,Entry short,2026-02-12 13:33,B6 1x,1.18797,2000,2375.94,-1.06,-0.04,0.14,0.17,0.01,-0.99,-0.04,12.54,2.51,1
4,Exit short,2026-02-16 08:06,TP,1.18664,8000,9495.92,2.24,0.02,0.56,2.52,0.03,-0.68,-0.01,14.78,2.96,0
4,Entry short,2026-02-16 08:06,B7 4x,1.18699,8000,9495.92,2.24,0.02,0.56,2.52,0.03,-0.68,-0.01,14.78,2.96,0
5,Exit long,2026-02-17 07:03,TP,1.18417,4000,4735.92,0.48,0.01,0.28,0.62,0.01,-0.66,-0.01,15.26,3.05,0
5,Entry long,2026-02-17 07:03,B7 2x,1.18398,4000,4735.92,0.48,0.01,0.28,0.62,0.01,-0.66,-0.01,15.26,3.05,0
6,Exit short,2026-02-17 13:54,TP,1.18223,4000,4730.28,1.08,0.02,0.28,1.22,0.03,-0.38,-0.01,16.34,3.27,0
6,Entry short,2026-02-17 13:54,B6 2x,1.18257,4000,4730.28,1.08,0.02,0.28,1.22,0.03,-0.38,-0.01,16.34,3.27,0
7,Exit short,2026-02-18 07:03,TP,1.18455,4000,4738.4,-0.08,0.00,0.28,0.06,0.00,-0.26,-0.01,16.26,3.25,0
7,Entry short,2026-02-18 07:03,B6 2x,1.1846,4000,4738.4,-0.08,0.00,0.28,0.06,0.00,-0.26,-0.01,16.26,3.25,0
8,Exit long,2026-02-19 13:06,TP,1.17597,1000,1176.47,-0.57,-0.05,0.07,0,0.00,-0.53,-0.05,15.69,3.14,1
8,Entry long,2026-02-19 13:03,B6 0.5x,1.17647,1000,1176.47,-0.57,-0.05,0.07,0,0.00,-0.53,-0.05,15.69,3.14,1
9,Exit long,2026-02-24 07:06,TP,1.1776,4000,4709.2,0.92,0.02,0.28,1.06,0.02,-0.5,-0.01,16.61,3.32,0
9,Entry long,2026-02-24 07:06,B7 2x,1.1773,4000,4709.2,0.92,0.02,0.28,1.06,0.02,-0.5,-0.01,16.61,3.32,0
10,Exit long,2026-02-26 14:30,TP,1.18099,4000,4722.8,0.88,0.02,0.28,1.02,0.02,-2.14,-0.05,17.49,3.50,16
10,Entry long,2026-02-26 13:42,B7 2x,1.1807,4000,4722.8,0.88,0.02,0.28,1.02,0.02,-2.14,-0.05,17.49,3.50,16
11,Exit short,2026-02-27 07:48,TP,1.18149,1000,1181.64,0.08,0.01,0.07,0.12,0.01,-0.14,-0.01,17.57,3.51,0
11,Entry short,2026-02-27 07:48,B6 0.5x,1.18164,1000,1181.64,0.08,0.01,0.07,0.12,0.01,-0.14,-0.01,17.57,3.51,0
12,Exit short,2026-03-04 20:36,TP,1.1643,2000,2327.92,-0.82,-0.04,0.14,0.37,0.02,-0.75,-0.03,16.75,3.35,13
12,Entry short,2026-03-04 19:57,B7 1x,1.16396,2000,2327.92,-0.82,-0.04,0.14,0.37,0.02,-0.75,-0.03,16.75,3.35,13
13,Exit short,2026-03-09 13:24,TP,1.15731,1000,1156.38,-1,-0.09,0.07,0.2,0.02,-0.96,-0.08,15.75,3.15,4
13,Entry short,2026-03-09 13:12,B6 0.5x,1.15638,1000,1156.38,-1,-0.09,0.07,0.2,0.02,-0.96,-0.08,15.75,3.15,4
14,Exit short,2026-03-09 19:21,TP,1.16168,5000,5803,-5.75,-0.10,0.35,0,0.00,-5.57,-0.10,10,2.00,0
14,Entry short,2026-03-09 19:21,B8 2.5x,1.1606,5000,5803,-5.75,-0.10,0.35,0,0.00,-5.57,-0.10,10,2.00,0
15,Exit short,2026-03-10 07:12,TP,1.16332,1000,1163.66,0.27,0.02,0.07,0.31,0.03,-0.55,-0.05,10.27,2.05,2
15,Entry short,2026-03-10 07:06,B6 0.5x,1.16366,1000,1163.66,0.27,0.02,0.07,0.31,0.03,-0.55,-0.05,10.27,2.05,2
16,Exit long,2026-03-10 13:36,TP,1.16401,2000,2327.24,0.64,0.03,0.14,0.71,0.03,-0.23,-0.01,10.91,2.18,0
16,Entry long,2026-03-10 13:36,B6 1x,1.16362,2000,2327.24,0.64,0.03,0.14,0.71,0.03,-0.23,-0.01,10.91,2.18,0
17,Exit short,2026-03-11 07:18,TP,1.16318,5000,5817.6,1.35,0.02,0.35,1.53,0.03,-0.28,0.00,12.26,2.45,0
17,Entry short,2026-03-11 07:18,B8 2.5x,1.16352,5000,5817.6,1.35,0.02,0.35,1.53,0.03,-0.28,0.00,12.26,2.45,0
18,Exit short,2026-03-11 09:00,TP,1.16099,4000,4645.24,1,0.02,0.28,1.14,0.02,-0.46,-0.01,13.26,2.65,0
18,Entry short,2026-03-11 09:00,B6 2x,1.16131,4000,4645.24,1,0.02,0.28,1.14,0.02,-0.46,-0.01,13.26,2.65,0
19,Exit long,2026-03-13 08:00,TP,1.14539,1000,1145.92,-0.6,-0.05,0.07,0.16,0.01,-0.56,-0.05,12.66,2.53,4
19,Entry long,2026-03-13 07:48,B6 0.5x,1.14592,1000,1145.92,-0.6,-0.05,0.07,0.16,0.01,-0.56,-0.05,12.66,2.53,4
20,Exit long,2026-03-16 07:45,TP,1.14213,2000,2283.26,0.86,0.04,0.14,0.93,0.04,-0.47,-0.02,13.52,2.70,3
20,Entry long,2026-03-16 07:36,B7 1x,1.14163,2000,2283.26,0.86,0.04,0.14,0.93,0.04,-0.47,-0.02,13.52,2.70,3
21,Exit short,2026-03-16 08:39,TP,1.14376,4000,4576.92,1.6,0.03,0.28,1.74,0.04,-1.06,-0.02,15.12,3.02,5
21,Entry short,2026-03-16 08:24,B6 2x,1.14423,4000,4576.92,1.6,0.03,0.28,1.74,0.04,-1.06,-0.02,15.12,3.02,5
22,Exit short,2026-03-17 13:06,TP,1.15296,1000,1153.47,0.44,0.04,0.07,0.48,0.04,-0.21,-0.02,15.56,3.11,1
22,Entry short,2026-03-17 13:03,B6 0.5x,1.15347,1000,1153.47,0.44,0.04,0.07,0.48,0.04,-0.21,-0.02,15.56,3.11,1
23,Exit long,2026-03-19 07:06,TP,1.14605,5000,5727.9,2,0.03,0.35,2.17,0.04,-1.67,-0.03,17.56,3.51,1
23,Entry long,2026-03-19 07:03,B8 2.5x,1.14558,5000,5727.9,2,0.03,0.35,2.17,0.04,-1.67,-0.03,17.56,3.51,1
24,Exit short,2026-03-19 07:09,TP,1.14644,8000,9177.2,5.12,0.06,0.56,5.4,0.06,-0.6,-0.01,22.68,4.54,0
24,Entry short,2026-03-19 07:09,B7 4x,1.14715,8000,9177.2,5.12,0.06,0.56,5.4,0.06,-0.6,-0.01,22.68,4.54,0
25,Exit short,2026-03-19 13:21,TP,1.14921,1000,1150.07,0.79,0.07,0.07,0.83,0.07,-0.1,-0.01,23.47,4.69,0
25,Entry short,2026-03-19 13:21,B6 0.5x,1.15007,1000,1150.07,0.79,0.07,0.07,0.83,0.07,-0.1,-0.01,23.47,4.69,0
26,Exit short,2026-03-19 19:09,TP,1.16031,1000,1160.99,0.61,0.05,0.07,0.65,0.06,-0.53,-0.05,24.08,4.82,0
26,Entry short,2026-03-19 19:09,B6 0.5x,1.16099,1000,1160.99,0.61,0.05,0.07,0.65,0.06,-0.53,-0.05,24.08,4.82,0
27,Exit short,2026-03-20 07:30,TP,1.15671,1000,1157.12,0.34,0.03,0.07,0.38,0.03,-0.35,-0.03,24.42,4.88,7
27,Entry short,2026-03-20 07:09,B6 0.5x,1.15712,1000,1157.12,0.34,0.03,0.07,0.38,0.03,-0.35,-0.03,24.42,4.88,7
28,Exit short,2026-03-24 07:12,TP,1.16167,2000,2321.52,-1.96,-0.08,0.14,0.19,0.01,-1.89,-0.08,22.46,4.49,0
28,Entry short,2026-03-24 07:12,B6 1x,1.16076,2000,2321.52,-1.96,-0.08,0.14,0.19,0.01,-1.89,-0.08,22.46,4.49,0
29,Exit long,2026-03-24 14:00,TP,1.15812,1000,1157.46,0.59,0.05,0.07,0.63,0.05,-0.79,-0.07,23.05,4.61,17
29,Entry long,2026-03-24 13:09,B6 0.5x,1.15746,1000,1157.46,0.59,0.05,0.07,0.63,0.05,-0.79,-0.07,23.05,4.61,17
30,Exit long,2026-03-25 07:36,TP,1.15937,1000,1158.96,0.34,0.03,0.07,0.38,0.03,-0.04,0.00,23.39,4.68,0
30,Entry long,2026-03-25 07:36,B6 0.5x,1.15896,1000,1158.96,0.34,0.03,0.07,0.38,0.03,-0.04,0.00,23.39,4.68,0
31,Exit long,2026-04-01 09:03,TP,1.15874,4000,4631.68,3,0.06,0.28,3.14,0.07,-0.82,-0.02,26.39,5.28,4
31,Entry long,2026-04-01 08:51,B6 2x,1.15792,4000,4631.68,3,0.06,0.28,3.14,0.07,-0.82,-0.02,26.39,5.28,4
32,Exit short,2026-04-02 20:24,TP,1.15406,2000,2308.54,0.28,0.01,0.14,0.35,0.02,-0.09,0.00,26.67,5.33,0
32,Entry short,2026-04-02 20:24,B6 1x,1.15427,2000,2308.54,0.28,0.01,0.14,0.35,0.02,-0.09,0.00,26.67,5.33,0
33,Exit short,2026-04-06 08:45,TP,1.15573,1000,1155.2,-0.6,-0.05,0.07,0,0.00,-0.56,-0.05,26.07,5.21,0
33,Entry short,2026-04-06 08:45,B6 0.5x,1.1552,1000,1155.2,-0.6,-0.05,0.07,0,0.00,-0.56,-0.05,26.07,5.21,0
34,Exit short,2026-04-07 09:03,TP,1.15494,5000,5778.1,3.05,0.05,0.35,3.23,0.06,-0.37,-0.01,29.12,5.82,0
34,Entry short,2026-04-07 09:03,B8 2.5x,1.15562,5000,5778.1,3.05,0.05,0.35,3.23,0.06,-0.37,-0.01,29.12,5.82,0
35,Exit short,2026-04-07 20:24,TP,1.15834,2000,2317.62,0.8,0.03,0.14,0.87,0.04,-0.15,-0.01,29.92,5.98,1
35,Entry short,2026-04-07 20:21,B7 1x,1.15881,2000,2317.62,0.8,0.03,0.14,0.87,0.04,-0.15,-0.01,29.92,5.98,1
36,Exit short,2026-04-07 21:00,TP,1.15927,5000,5799.75,3.05,0.05,0.35,3.23,0.06,-1.27,-0.02,32.97,6.59,4
36,Entry short,2026-04-07 20:48,B8 2.5x,1.15995,5000,5799.75,3.05,0.05,0.35,3.23,0.06,-1.27,-0.02,32.97,6.59,4
37,Exit short,2026-04-13 14:51,TP,1.17051,5000,5855.75,2.85,0.05,0.35,3.03,0.05,-0.37,-0.01,35.82,7.16,0
37,Entry short,2026-04-13 14:51,B8 2.5x,1.17115,5000,5855.75,2.85,0.05,0.35,3.03,0.05,-0.37,-0.01,35.82,7.16,0
38,Exit short,2026-04-14 08:06,TP,1.17958,5000,5893.4,-4.85,-0.08,0.35,0.57,0.01,-4.67,-0.08,30.97,6.19,1
38,Entry short,2026-04-14 08:03,B8 2.5x,1.17868,5000,5893.4,-4.85,-0.08,0.35,0.57,0.01,-4.67,-0.08,30.97,6.19,1
39,Exit long,2026-04-16 15:03,TP,1.17749,1000,1177.25,0.17,0.01,0.07,0.21,0.02,-0.57,-0.05,31.14,6.23,3
39,Entry long,2026-04-16 14:54,B6 0.5x,1.17725,1000,1177.25,0.17,0.01,0.07,0.21,0.02,-0.57,-0.05,31.14,6.23,3
40,Exit short,2026-04-17 09:42,TP,1.17905,1000,1178.73,-0.39,-0.03,0.07,0,0.00,-0.35,-0.03,30.75,6.15,0
40,Entry short,2026-04-17 09:42,B6 0.5x,1.17873,1000,1178.73,-0.39,-0.03,0.07,0,0.00,-0.35,-0.03,30.75,6.15,0
41,Exit short,2026-04-20 14:09,TP,1.17649,4000,4707.04,0.8,0.02,0.28,0.94,0.02,-0.22,0.00,31.55,6.31,0
41,Entry short,2026-04-20 14:09,B7 2x,1.17676,4000,4707.04,0.8,0.02,0.28,0.94,0.02,-0.22,0.00,31.55,6.31,0
42,Exit long,2026-04-21 20:39,TP,1.17299,1000,1173.54,-0.62,-0.05,0.07,0.03,0.00,-0.58,-0.05,30.93,6.19,0
42,Entry long,2026-04-21 20:39,B6 0.5x,1.17354,1000,1173.54,-0.62,-0.05,0.07,0.03,0.00,-0.58,-0.05,30.93,6.19,0
43,Exit short,2026-04-22 14:30,TP,1.17308,8000,9388.48,3.28,0.03,0.56,3.56,0.04,-0.44,0.00,34.21,6.84,3
43,Entry short,2026-04-22 14:21,B7 4x,1.17356,8000,9388.48,3.28,0.03,0.56,3.56,0.04,-0.44,0.00,34.21,6.84,3
44,Exit short,2026-04-23 08:09,TP,1.17058,4000,4683.08,0.48,0.01,0.28,0.62,0.01,-0.26,-0.01,34.69,6.94,0
44,Entry short,2026-04-23 08:09,B7 2x,1.17077,4000,4683.08,0.48,0.01,0.28,0.62,0.01,-0.26,-0.01,34.69,6.94,0
45,Exit long,2026-04-27 20:51,TP,1.17233,1000,1172.24,0.02,0.00,0.07,0.06,0.00,-0.08,-0.01,34.71,6.94,1
45,Entry long,2026-04-27 20:48,B6 0.5x,1.17224,1000,1172.24,0.02,0.00,0.07,0.06,0.00,-0.08,-0.01,34.71,6.94,1
46,Exit short,2026-04-28 14:30,TP,1.16962,4000,4679.64,0.88,0.02,0.28,1.02,0.02,-0.34,-0.01,35.59,7.12,0
46,Entry short,2026-04-28 14:30,B6 2x,1.16991,4000,4679.64,0.88,0.02,0.28,1.02,0.02,-0.34,-0.01,35.59,7.12,0
47,Exit long,2026-04-29 09:03,TP,1.16967,1000,1169.97,-0.37,-0.03,0.07,0,0.00,-0.33,-0.03,35.22,7.04,0
47,Entry long,2026-04-29 09:03,B6 0.5x,1.16997,1000,1169.97,-0.37,-0.03,0.07,0,0.00,-0.33,-0.03,35.22,7.04,0
48,Exit short,2026-04-30 09:06,TP,1.1697,2000,2338.54,-1,-0.04,0.14,0.17,0.01,-0.93,-0.04,34.22,6.84,0
48,Entry short,2026-04-30 09:06,B6 1x,1.16927,2000,2338.54,-1,-0.04,0.14,0.17,0.01,-0.93,-0.04,34.22,6.84,0
49,Exit long,2026-04-30 20:33,TP,1.17361,4000,4693.2,0.96,0.02,0.28,1.1,0.02,-0.46,-0.01,35.18,7.04,4
49,Entry long,2026-04-30 20:21,B6 2x,1.1733,4000,4693.2,0.96,0.02,0.28,1.1,0.02,-0.46,-0.01,35.18,7.04,4
50,Exit long,2026-05-01 14:48,TP,1.17502,4000,4698.8,1,0.02,0.28,1.14,0.02,-1.34,-0.03,36.18,7.24,0
50,Entry long,2026-05-01 14:48,B6 2x,1.1747,4000,4698.8,1,0.02,0.28,1.14,0.02,-1.34,-0.03,36.18,7.24,0
51,Exit short,2026-05-01 15:00,TP,1.17689,1000,1176.02,-0.94,-0.08,0.07,0.18,0.01,-0.9,-0.08,35.24,7.05,1
51,Entry short,2026-05-01 14:57,B6 0.5x,1.17602,1000,1176.02,-0.94,-0.08,0.07,0.18,0.01,-0.9,-0.08,35.24,7.05,1
52,Exit short,2026-05-06 09:51,TP,1.17643,2000,2351.88,-1.12,-0.05,0.14,0,0.00,-1.05,-0.04,34.12,6.82,0
52,Entry short,2026-05-06 09:51,B7 1x,1.17594,2000,2351.88,-1.12,-0.05,0.14,0,0.00,-1.05,-0.04,34.12,6.82,0
53,Exit short,2026-05-06 09:57,TP,1.17642,1000,1176.88,0.39,0.03,0.07,0.43,0.04,-0.23,-0.02,34.51,6.90,1
53,Entry short,2026-05-06 09:54,B6 0.5x,1.17688,1000,1176.88,0.39,0.03,0.07,0.43,0.04,-0.23,-0.02,34.51,6.90,1
54,Exit short,2026-05-08 14:21,TP,1.17721,1000,1177.6,0.32,0.03,0.07,0.36,0.03,-0.1,-0.01,34.83,6.97,1
54,Entry short,2026-05-08 14:18,B6 0.5x,1.1776,1000,1177.6,0.32,0.03,0.07,0.36,0.03,-0.1,-0.01,34.83,6.97,1
55,Exit long,2026-05-08 20:54,TP,1.17793,8000,9421.52,1.36,0.01,0.56,1.64,0.02,-0.36,0.00,36.19,7.24,0
55,Entry long,2026-05-08 20:54,B7 4x,1.17769,8000,9421.52,1.36,0.01,0.56,1.64,0.02,-0.36,0.00,36.19,7.24,0
56,Exit long,2026-05-14 09:00,TP,1.17098,1000,1170.68,0.23,0.02,0.07,0.27,0.02,-0.04,0.00,36.42,7.28,0
56,Entry long,2026-05-14 09:00,B6 0.5x,1.17068,1000,1170.68,0.23,0.02,0.07,0.27,0.02,-0.04,0.00,36.42,7.28,0
57,Exit short,2026-05-14 14:45,TP,1.16904,4000,4677.4,0.96,0.02,0.28,1.1,0.02,-0.18,0.00,37.38,7.48,0
57,Entry short,2026-05-14 14:45,B6 2x,1.16935,4000,4677.4,0.96,0.02,0.28,1.1,0.02,-0.18,0.00,37.38,7.48,0
58,Exit short,2026-05-18 08:45,TP,1.16353,1000,1163.78,0.18,0.02,0.07,0.22,0.02,-0.28,-0.02,37.56,7.51,6
58,Entry short,2026-05-18 08:27,B6 0.5x,1.16378,1000,1163.78,0.18,0.02,0.07,0.22,0.02,-0.28,-0.02,37.56,7.51,6
59,Exit short,2026-05-18 15:00,TP,1.16505,1000,1165.42,0.3,0.03,0.07,0.34,0.03,-0.23,-0.02,37.86,7.57,4
59,Entry short,2026-05-18 14:48,B6 0.5x,1.16542,1000,1165.42,0.3,0.03,0.07,0.34,0.03,-0.23,-0.02,37.86,7.57,4
60,Exit long,2026-05-21 08:18,TP,1.16012,5000,5802.65,-2.4,-0.04,0.35,0.23,0.00,-2.22,-0.04,35.46,7.09,0
60,Entry long,2026-05-21 08:18,B8 2.5x,1.16053,5000,5802.65,-2.4,-0.04,0.35,0.23,0.00,-2.22,-0.04,35.46,7.09,0
61,Exit short,2026-05-21 09:15,TP,1.16275,4000,4649.32,-1.96,-0.04,0.28,1.26,0.03,-1.82,-0.04,33.5,6.70,1
61,Entry short,2026-05-21 09:12,B6 2x,1.16233,4000,4649.32,-1.96,-0.04,0.28,1.26,0.03,-1.82,-0.04,33.5,6.70,1
62,Exit short,2026-05-21 14:54,TP,1.15991,4000,4637.4,-2.52,-0.05,0.28,0.1,0.00,-2.38,-0.05,30.98,6.20,0
62,Entry short,2026-05-21 14:54,B6 2x,1.15935,4000,4637.4,-2.52,-0.05,0.28,0.1,0.00,-2.38,-0.05,30.98,6.20,0
63,Exit short,2026-05-21 21:03,TP,1.16205,2000,2324.5,0.26,0.01,0.14,0.33,0.01,-0.43,-0.02,31.24,6.25,2
63,Entry short,2026-05-21 20:57,B7 1x,1.16225,2000,2324.5,0.26,0.01,0.14,0.33,0.01,-0.43,-0.02,31.24,6.25,2
64,Exit short,2026-05-22 14:12,TP,1.1613,4000,4647.04,1.56,0.03,0.28,1.7,0.04,-0.42,-0.01,32.8,6.56,0
64,Entry short,2026-05-22 14:12,B7 2x,1.16176,4000,4647.04,1.56,0.03,0.28,1.7,0.04,-0.42,-0.01,32.8,6.56,0
65,Exit long,2026-05-22 20:18,TP,1.16104,4000,4643.8,0.08,0.00,0.28,0.22,0.00,-0.74,-0.02,32.88,6.58,5
65,Entry long,2026-05-22 20:03,B6 2x,1.16095,4000,4643.8,0.08,0.00,0.28,0.22,0.00,-0.74,-0.02,32.88,6.58,5
66,Exit long,2026-05-26 08:06,TP,1.16298,5000,5812.7,1.85,0.03,0.35,2.03,0.03,-0.77,-0.01,34.73,6.95,0
66,Entry long,2026-05-26 08:06,B8 2.5x,1.16254,5000,5812.7,1.85,0.03,0.35,2.03,0.03,-0.77,-0.01,34.73,6.95,0
67,Exit short,2026-05-26 08:33,TP,1.16346,4000,4654.28,0.16,0.00,0.28,0.3,0.01,-0.3,-0.01,34.89,6.98,0
67,Entry short,2026-05-26 08:33,B6 2x,1.16357,4000,4654.28,0.16,0.00,0.28,0.3,0.01,-0.3,-0.01,34.89,6.98,0
68,Exit long,2026-05-26 14:36,TP,1.16292,1000,1162.72,0.13,0.01,0.07,0.17,0.01,-0.22,-0.02,35.02,7.00,2
68,Entry long,2026-05-26 14:30,B6 0.5x,1.16272,1000,1162.72,0.13,0.01,0.07,0.17,0.01,-0.22,-0.02,35.02,7.00,2
69,Exit long,2026-05-26 14:54,TP,1.16228,1000,1161.9,0.31,0.03,0.07,0.35,0.03,-0.09,-0.01,35.33,7.07,0
69,Entry long,2026-05-26 14:54,B6 0.5x,1.1619,1000,1161.9,0.31,0.03,0.07,0.35,0.03,-0.09,-0.01,35.33,7.07,0
70,Exit long,2026-05-29 10:03,TP,1.1631,1000,1162.78,0.25,0.02,0.07,0.28,0.02,-0.31,-0.03,35.58,7.12,4
70,Entry long,2026-05-29 09:51,B6 0.5x,1.16278,1000,1162.78,0.25,0.02,0.07,0.28,0.02,-0.31,-0.03,35.58,7.12,4
71,Exit long,2026-06-01 14:12,TP,1.16304,2000,2326.94,-1,-0.04,0.14,0.17,0.01,-0.93,-0.04,34.58,6.92,0
71,Entry long,2026-06-01 14:12,B7 1x,1.16347,2000,2326.94,-1,-0.04,0.14,0.17,0.01,-0.93,-0.04,34.58,6.92,0
72,Exit short,2026-06-01 20:06,TP,1.1632,2000,2326.62,0.08,0.00,0.14,0.15,0.01,-0.23,-0.01,34.66,6.93,1
72,Entry short,2026-06-01 20:03,B6 1x,1.16331,2000,2326.62,0.08,0.00,0.14,0.15,0.01,-0.23,-0.01,34.66,6.93,1
73,Exit long,2026-06-01 20:54,TP,1.16299,4000,4651.32,0.36,0.01,0.28,0.5,0.01,-0.74,-0.02,35.02,7.00,0
73,Entry long,2026-06-01 20:54,B7 2x,1.16283,4000,4651.32,0.36,0.01,0.28,0.5,0.01,-0.74,-0.02,35.02,7.00,0
74,Exit short,2026-06-03 08:36,TP,1.16182,8000,9297.04,1.92,0.02,0.56,2.2,0.02,-0.44,0.00,36.94,7.39,0
74,Entry short,2026-06-03 08:36,B7 4x,1.16213,8000,9297.04,1.92,0.02,0.56,2.2,0.02,-0.44,0.00,36.94,7.39,0
75,Exit short,2026-06-05 14:06,TP,1.15886,2000,2318.24,0.38,0.02,0.14,0.45,0.02,-0.43,-0.02,37.32,7.46,1
75,Entry short,2026-06-05 14:03,B6 1x,1.15912,2000,2318.24,0.38,0.02,0.14,0.45,0.02,-0.43,-0.02,37.32,7.46,1
76,Exit short,2026-06-08 14:24,TP,1.15506,1000,1155.43,0.3,0.03,0.07,0.34,0.03,-0.04,0.00,37.62,7.52,0
76,Entry short,2026-06-08 14:24,B6 0.5x,1.15543,1000,1155.43,0.3,0.03,0.07,0.34,0.03,-0.04,0.00,37.62,7.52,0
77,Exit short,2026-06-09 09:27,TP,1.15455,2000,2307.88,-1.36,-0.06,0.14,0.01,0.00,-1.29,-0.06,36.26,7.25,4
77,Entry short,2026-06-09 09:15,B6 1x,1.15394,2000,2307.88,-1.36,-0.06,0.14,0.01,0.00,-1.29,-0.06,36.26,7.25,4
78,Exit short,2026-06-09 14:48,TP,1.1574,1000,1157.05,-0.42,-0.04,0.07,0.2,0.02,-0.38,-0.03,35.84,7.17,0
78,Entry short,2026-06-09 14:48,B6 0.5x,1.15705,1000,1157.05,-0.42,-0.04,0.07,0.2,0.02,-0.38,-0.03,35.84,7.17,0
79,Exit long,2026-06-09 14:54,TP,1.15695,4000,4627.4,0.12,0.00,0.28,0.26,0.01,-1.22,-0.03,35.96,7.19,1
79,Entry long,2026-06-09 14:51,B6 2x,1.15685,4000,4627.4,0.12,0.00,0.28,0.26,0.01,-1.22,-0.03,35.96,7.19,1
80,Exit short,2026-06-09 20:54,TP,1.15416,4000,4617.04,0.12,0.00,0.28,0.26,0.01,-0.54,-0.01,36.08,7.22,1
80,Entry short,2026-06-09 20:51,B6 2x,1.15426,4000,4617.04,0.12,0.00,0.28,0.26,0.01,-0.54,-0.01,36.08,7.22,1
81,Exit short,2026-06-12 09:18,TP,1.15824,2000,2315.58,-1.04,-0.04,0.14,0.01,0.00,-0.97,-0.04,35.04,7.01,0
81,Entry short,2026-06-12 09:18,B6 1x,1.15779,2000,2315.58,-1.04,-0.04,0.14,0.01,0.00,-0.97,-0.04,35.04,7.01,0
82,Exit long,2026-06-12 14:48,TP,1.15714,4000,4626.72,1.56,0.03,0.28,1.7,0.04,-1.42,-0.03,36.6,7.32,2
82,Entry long,2026-06-12 14:42,B7 2x,1.15668,4000,4626.72,1.56,0.03,0.28,1.7,0.04,-1.42,-0.03,36.6,7.32,2
83,Exit short,2026-06-12 20:09,TP,1.15758,1000,1157.7,0.05,0.00,0.07,0.09,0.01,-0.1,-0.01,36.65,7.33,2
83,Entry short,2026-06-12 20:03,B6 0.5x,1.1577,1000,1157.7,0.05,0.00,0.07,0.09,0.01,-0.1,-0.01,36.65,7.33,2
84,Exit long,2026-06-15 20:57,TP,1.15862,1000,1158.86,-0.31,-0.03,0.07,0,0.00,-0.28,-0.02,36.34,7.27,0
84,Entry long,2026-06-15 20:57,B6 0.5x,1.15886,1000,1158.86,-0.31,-0.03,0.07,0,0.00,-0.28,-0.02,36.34,7.27,0
85,Exit short,2026-06-18 21:00,TP,1.14563,4000,4583.28,0.48,0.01,0.28,0.62,0.01,-1.98,-0.04,36.82,7.36,6
85,Entry short,2026-06-18 20:42,B6 2x,1.14582,4000,4583.28,0.48,0.01,0.28,0.62,0.01,-1.98,-0.04,36.82,7.36,6
86,Exit short,2026-06-22 09:24,TP,1.14484,4000,4580.08,0.44,0.01,0.28,0.58,0.01,-0.54,-0.01,37.26,7.45,0
86,Entry short,2026-06-22 09:24,B6 2x,1.14502,4000,4580.08,0.44,0.01,0.28,0.58,0.01,-0.54,-0.01,37.26,7.45,0
87,Exit short,2026-06-22 21:00,TP,1.14268,4000,4569.92,-1.08,-0.02,0.28,0.58,0.01,-0.94,-0.02,36.18,7.24,2
87,Entry short,2026-06-22 20:54,B6 2x,1.14248,4000,4569.92,-1.08,-0.02,0.28,0.58,0.01,-0.94,-0.02,36.18,7.24,2
88,Exit long,2026-06-23 08:39,TP,1.14211,4000,4570.36,-2.2,-0.05,0.28,0.54,0.01,-2.06,-0.05,33.98,6.80,2
88,Entry long,2026-06-23 08:33,B7 2x,1.14259,4000,4570.36,-2.2,-0.05,0.28,0.54,0.01,-2.06,-0.05,33.98,6.80,2
89,Exit long,2026-06-24 09:18,TP,1.1346,5000,5670,2.65,0.05,0.35,2.83,0.05,-0.62,-0.01,36.63,7.33,1
89,Entry long,2026-06-24 09:15,B8 2.5x,1.134,5000,5670,2.65,0.05,0.35,2.83,0.05,-0.62,-0.01,36.63,7.33,1
90,Exit short,2026-06-25 08:21,TP,1.13488,2000,2270.46,0.56,0.02,0.14,0.63,0.03,-0.45,-0.02,37.19,7.44,0
90,Entry short,2026-06-25 08:21,B6 1x,1.13523,2000,2270.46,0.56,0.02,0.14,0.63,0.03,-0.45,-0.02,37.19,7.44,0
91,Exit long,2026-06-25 20:48,TP,1.137,8000,9098.32,-2.88,-0.03,0.56,0.92,0.01,-2.6,-0.03,34.31,6.86,2
91,Entry long,2026-06-25 20:42,B7 4x,1.13729,8000,9098.32,-2.88,-0.03,0.56,0.92,0.01,-2.6,-0.03,34.31,6.86,2
92,Exit short,2026-06-26 09:09,TP,1.13969,1000,1139.33,-0.43,-0.04,0.07,0.21,0.02,-0.39,-0.03,33.88,6.78,0
92,Entry short,2026-06-26 09:09,B6 0.5x,1.13933,1000,1139.33,-0.43,-0.04,0.07,0.21,0.02,-0.39,-0.03,33.88,6.78,0
93,Exit long,2026-06-30 09:03,TP,1.13957,2000,2278.54,0.46,0.02,0.14,0.53,0.02,-0.09,0.00,34.34,6.87,0
93,Entry long,2026-06-30 09:03,B6 1x,1.13927,2000,2278.54,0.46,0.02,0.14,0.53,0.02,-0.09,0.00,34.34,6.87,0
94,Exit short,2026-06-30 21:30,TP,1.14238,1000,1142.65,0.2,0.02,0.07,0.24,0.02,-0.13,-0.01,34.54,6.91,10
94,Entry short,2026-06-30 21:00,B6 0.5x,1.14265,1000,1142.65,0.2,0.02,0.07,0.24,0.02,-0.13,-0.01,34.54,6.91,10
95,Exit long,2026-07-01 08:03,TP,1.14015,1000,1139.99,0.09,0.01,0.07,0.13,0.01,-0.06,-0.01,34.63,6.93,0
95,Entry long,2026-07-01 08:03,B6 0.5x,1.13999,1000,1139.99,0.09,0.01,0.07,0.13,0.01,-0.06,-0.01,34.63,6.93,0
96,Exit long,2026-07-01 14:15,TP,1.13692,1000,1136.71,0.14,0.01,0.07,0.18,0.02,-0.56,-0.05,34.77,6.95,1
96,Entry long,2026-07-01 14:12,B6 0.5x,1.13671,1000,1136.71,0.14,0.01,0.07,0.18,0.02,-0.56,-0.05,34.77,6.95,1
97,Exit long,2026-07-03 21:06,TP,1.14371,1000,1143.66,-0.02,0.00,0.07,0.02,0.00,-0.2,-0.02,34.75,6.95,2
97,Entry long,2026-07-03 21:00,B6 0.5x,1.14366,1000,1143.66,-0.02,0.00,0.07,0.02,0.00,-0.2,-0.02,34.75,6.95,2
98,Exit long,2026-07-06 08:12,TP,1.14211,1000,1141.92,0.12,0.01,0.07,0.16,0.01,-0.17,-0.02,34.87,6.97,3
98,Entry long,2026-07-06 08:03,B6 0.5x,1.14192,1000,1141.92,0.12,0.01,0.07,0.16,0.01,-0.17,-0.02,34.87,6.97,3
99,Exit long,2026-07-06 09:12,TP,1.14199,1000,1141.66,0.26,0.02,0.07,0.3,0.03,-0.04,0.00,35.13,7.03,0
99,Entry long,2026-07-06 09:12,B6 0.5x,1.14166,1000,1141.66,0.26,0.02,0.07,0.3,0.03,-0.04,0.00,35.13,7.03,0
100,Exit long,2026-07-08 20:51,TP,1.14256,4000,4569.4,0.56,0.01,0.28,0.7,0.02,-0.42,-0.01,35.69,7.14,1
100,Entry long,2026-07-08 20:48,B6 2x,1.14235,4000,4569.4,0.56,0.01,0.28,0.7,0.02,-0.42,-0.01,35.69,7.14,1
101,Exit short,2026-07-09 21:15,TP,1.14302,2000,2285.44,-0.74,-0.03,0.14,0,0.00,-0.67,-0.03,34.95,6.99,5
101,Entry short,2026-07-09 21:00,B6 1x,1.14272,2000,2285.44,-0.74,-0.03,0.14,0,0.00,-0.67,-0.03,34.95,6.99,5
102,Exit short,2026-07-10 09:09,TP,1.14386,2000,2287.98,0.12,0.01,0.14,0.19,0.01,-0.57,-0.02,35.07,7.01,2
102,Entry short,2026-07-10 09:03,B6 1x,1.14399,2000,2287.98,0.12,0.01,0.14,0.19,0.01,-0.57,-0.02,35.07,7.01,2
103,Exit short,2026-07-13 08:36,TP,1.14199,4000,4566.36,-1.88,-0.04,0.28,0.06,0.00,-1.74,-0.04,33.19,6.64,0
103,Entry short,2026-07-13 08:36,B7 2x,1.14159,4000,4566.36,-1.88,-0.04,0.28,0.06,0.00,-1.74,-0.04,33.19,6.64,0
104,Exit short,2026-07-13 09:24,TP,1.14383,1000,1144.27,0.37,0.03,0.07,0.41,0.04,-0.36,-0.03,33.56,6.71,4
104,Entry short,2026-07-13 09:12,B6 0.5x,1.14427,1000,1144.27,0.37,0.03,0.07,0.41,0.04,-0.36,-0.03,33.56,6.71,4
105,Exit long,2026-07-13 20:21,TP,1.13842,1000,1138.26,0.09,0.01,0.07,0.13,0.01,-0.11,-0.01,33.65,6.73,3
105,Entry long,2026-07-13 20:12,B6 0.5x,1.13826,1000,1138.26,0.09,0.01,0.07,0.13,0.01,-0.11,-0.01,33.65,6.73,3
106,Exit long,2026-07-17 20:27,TP,1.14358,1000,1143.55,-0.04,0.00,0.07,0,0.00,-0.07,-0.01,33.61,6.72,0
106,Entry long,2026-07-17 20:27,B6 0.5x,1.14355,1000,1143.55,-0.04,0.00,0.07,0,0.00,-0.07,-0.01,33.61,6.72,0
107,Exit short,2026-07-20 20:36,TP,1.14161,2000,2283.42,0.06,0.00,0.14,0.13,0.01,-0.27,-0.01,33.67,6.73,2
107,Entry short,2026-07-20 20:30,B6 1x,1.14171,2000,2283.42,0.06,0.00,0.14,0.13,0.01,-0.27,-0.01,33.67,6.73,2
108,Exit short,2026-07-21 08:24,TP,1.14248,1000,1142.72,0.17,0.01,0.07,0.21,0.02,-0.08,-0.01,33.84,6.77,1
108,Entry short,2026-07-21 08:21,B6 0.5x,1.14272,1000,1142.72,0.17,0.01,0.07,0.21,0.02,-0.08,-0.01,33.84,6.77,1
109,Exit short,2026-07-24 20:45,TP,1.13707,4000,4548.88,0.32,0.01,0.28,0.46,0.01,-0.18,0.00,34.16,6.83,2
109,Entry short,2026-07-24 20:39,B6 2x,1.13722,4000,4548.88,0.32,0.01,0.28,0.46,0.01,-0.18,0.00,34.16,6.83,2
110,Exit short,2026-07-30 14:39,TP,1.14883,1000,1149.31,0.41,0.04,0.07,0.45,0.04,-0.21,-0.02,34.57,6.91,0
110,Entry short,2026-07-30 14:39,B6 0.5x,1.14931,1000,1149.31,0.41,0.04,0.07,0.45,0.04,-0.21,-0.02,34.57,6.91,0
111,Exit short,2026-07-30 14:51,TP,1.15097,1000,1150.12,-0.92,-0.08,0.07,0.28,0.02,-0.88,-0.08,33.65,6.73,2
111,Entry short,2026-07-30 14:45,B6 0.5x,1.15012,1000,1150.12,-0.92,-0.08,0.07,0.28,0.02,-0.88,-0.08,33.65,6.73,2
112,Exit short,2026-07-31 10:03,TP,1.15186,8000,9217.92,2.48,0.03,0.56,2.76,0.03,-3.24,-0.04,36.13,7.23,2
112,Entry short,2026-07-31 09:57,B7 4x,1.15224,8000,9217.92,2.48,0.03,0.56,2.76,0.03,-3.24,-0.04,36.13,7.23,2
113,Exit short,2026-07-31 14:21,TP,1.14966,4000,4596.88,-2.04,-0.04,0.28,0.1,0.00,-1.9,-0.04,34.09,6.82,0
113,Entry short,2026-07-31 14:21,B6 2x,1.14922,4000,4596.88,-2.04,-0.04,0.28,0.1,0.00,-1.9,-0.04,34.09,6.82,0
114,Exit short,2026-07-31 14:30,TP,1.14957,4000,4599.52,0.96,0.02,0.28,1.1,0.02,-2.1,-0.05,35.05,7.01,2
114,Entry short,2026-07-31 14:24,B6 2x,1.14988,4000,4599.52,0.96,0.02,0.28,1.1,0.02,-2.1,-0.05,35.05,7.01,2
115,Exit long,2026-07-31 14:39,TP,1.14561,5000,5732.25,-4.55,-0.08,0.35,0.78,0.01,-4.37,-0.08,30.5,6.10,0
115,Entry long,2026-07-31 14:39,B8 2.5x,1.14645,5000,5732.25,-4.55,-0.08,0.35,0.78,0.01,-4.37,-0.08,30.5,6.10,0
116,Exit long,2026-08-03 08:21,TP,1.15258,2000,2304.46,0.56,0.02,0.14,0.63,0.03,-0.39,-0.02,31.06,6.21,1
116,Entry long,2026-08-03 08:18,B7 1x,1.15223,2000,2304.46,0.56,0.02,0.14,0.63,0.03,-0.39,-0.02,31.06,6.21,1
117,Exit short,2026-08-04 14:21,TP,1.15184,1000,1151.51,-0.4,-0.03,0.07,0.17,0.01,-0.36,-0.03,30.66,6.13,0
117,Entry short,2026-08-04 14:21,B6 0.5x,1.15151,1000,1151.51,-0.4,-0.03,0.07,0.17,0.01,-0.36,-0.03,30.66,6.13,0
118,Exit long,2026-08-05 09:54,TP,1.15368,4000,4613.4,1.04,0.02,0.28,1.18,0.03,-1.18,-0.03,31.7,6.34,4
118,Entry long,2026-08-05 09:42,B6 2x,1.15335,4000,4613.4,1.04,0.02,0.28,1.18,0.03,-1.18,-0.03,31.7,6.34,4
119,Exit long,2026-08-06 09:06,TP,1.15432,1000,1154.21,0.04,0.00,0.07,0.08,0.01,-0.2,-0.02,31.74,6.35,1
119,Entry long,2026-08-06 09:03,B6 0.5x,1.15421,1000,1154.21,0.04,0.00,0.07,0.08,0.01,-0.2,-0.02,31.74,6.35,1
120,Exit long,2026-08-06 20:30,TP,1.1521,5000,5759.55,0.6,0.01,0.35,0.78,0.01,-1.02,-0.02,32.34,6.47,1
120,Entry long,2026-08-06 20:27,B8 2.5x,1.15191,5000,5759.55,0.6,0.01,0.35,0.78,0.01,-1.02,-0.02,32.34,6.47,1
121,Exit short,2026-08-06 20:57,TP,1.15231,4000,4610,0.48,0.01,0.28,0.62,0.01,-0.3,-0.01,32.82,6.56,1
121,Entry short,2026-08-06 20:54,B6 2x,1.1525,4000,4610,0.48,0.01,0.28,0.62,0.01,-0.3,-0.01,32.82,6.56,1